{
  "product": {
    "id": 7373262258353,
    "title": "BLACK FUR COLLAR CARDIGAN",
    "body_html": "\u003cdiv\u003e-\u00a0\u003cspan data-mce-fragment=\"1\"\u003eFaux fur detailing on the sweater\u003c/span\u003e\n\u003c/div\u003e\n\u003cdiv\u003e-\u00a0\u003cspan data-mce-fragment=\"1\"\u003esolid black lightweight sweater with a fur collar.\u003c/span\u003e\u003cbr data-mce-fragment=\"1\"\u003e\n\u003c/div\u003e\n\u003cdiv\u003e- Premium Quality\u003c/div\u003e\n\u003cdiv\u003e- Comfortable To Wear\u003c/div\u003e",
    "vendor": "Reality",
    "product_type": "Ladies Sweater",
    "created_at": "2022-11-08T18:20:40+05:00",
    "handle": "women-s-sweater-32",
    "updated_at": "2022-12-11T02:36:02+05:00",
    "published_at": "2022-11-08T18:42:41+05:00",
    "template_suffix": "",
    "published_scope": "global",
    "tags": "50Sale, ladies-sweater, Size, women-new arrival, year",
    "variants": [
      {
        "id": 42305016594609,
        "product_id": 7373262258353,
        "title": "Free Size",
        "price": "2175.00",
        "sku": "L0910-999-DGR",
        "position": 1,
        "compare_at_price": "4350.00",
        "fulfillment_service": "manual",
        "inventory_management": "shopify",
        "option1": "Free Size",
        "option2": null,
        "option3": null,
        "created_at": "2022-11-08T23:25:28+05:00",
        "updated_at": "2022-12-11T02:30:06+05:00",
        "taxable": false,
        "barcode": null,
        "grams": 0,
        "image_id": null,
        "weight": 0.0,
        "weight_unit": "kg",
        "requires_shipping": true
      }
    ],
    "options": [
      {
        "id": 9417613312177,
        "product_id": 7373262258353,
        "name": "Size",
        "position": 1,
        "values": ["Free Size"]
      }
    ],
    "images": [
      {
        "id": 32743032750257,
        "product_id": 7373262258353,
        "position": 1,
        "created_at": "2022-11-08T18:41:28+05:00",
        "updated_at": "2022-11-08T18:41:30+05:00",
        "alt": null,
        "width": 1800,
        "height": 1800,
        "src": "https://cdn.shopify.com/s/files/1/0535/5585/5537/products/35_57b1b7b1-3fd5-4f9e-8c07-27aaaa25d0f1.jpg?v=1667914890",
        "variant_ids": []
      },
      {
        "id": 32743033110705,
        "product_id": 7373262258353,
        "position": 2,
        "created_at": "2022-11-08T18:41:28+05:00",
        "updated_at": "2022-11-08T18:41:30+05:00",
        "alt": null,
        "width": 1800,
        "height": 1800,
        "src": "https://cdn.shopify.com/s/files/1/0535/5585/5537/products/36_1f2df5b1-fc08-486e-a084-be898cda769f.jpg?v=1667914890",
        "variant_ids": []
      }
    ],
    "image": {
      "id": 32743032750257,
      "product_id": 7373262258353,
      "position": 1,
      "created_at": "2022-11-08T18:41:28+05:00",
      "updated_at": "2022-11-08T18:41:30+05:00",
      "alt": null,
      "width": 1800,
      "height": 1800,
      "src": "https://cdn.shopify.com/s/files/1/0535/5585/5537/products/35_57b1b7b1-3fd5-4f9e-8c07-27aaaa25d0f1.jpg?v=1667914890",
      "variant_ids": []
    }
  }
}
